id,stage,group,question,answer,citations
PRE.t,PRETRIAL_RELEASE,Pretrial Release Eligibility,Does state law require the use of a risk assessment tool in deciding pretrial release?,No,Pennsylvania Administrative Code. Rule 523. Release Criteria. [234 Pa. Code § 523](http://www.pacode.com/secure/data/234/chapter5/s523.html). Archived [here](https://perma.cc/6T3Q-77DJ).
PRE.f,PRETRIAL_RELEASE,Pretrial Release Conditions,Financial conditions of pretrial release authorized by state law:,Commercial sureties,Pennsylvania Administrative Code. Rule 528. Monetary Condition of Release on Bail. [234 Pa. Code § 528(D)(5)](http://www.pacode.com/secure/data/234/chapter5/s528.html). Archived [here](https://perma.cc/5C9H-YQ4Y).
PRE.f,PRETRIAL_RELEASE,Pretrial Release Conditions,Financial conditions of pretrial release authorized by state law:,Bearer or non-registered bonds,Pennsylvania Administrative Code. Rule 528. Monetary Condition of Release on Bail. [234 Pa. Code § 528(D)(2)](http://www.pacode.com/secure/data/234/chapter5/s528.html). Archived [here](https://perma.cc/5C9H-YQ4Y).
PRE.f,PRETRIAL_RELEASE,Pretrial Release Conditions,Financial conditions of pretrial release authorized by state law:,Partial cash deposits,Pennsylvania Administrative Code. Rule 528. Monetary Condition of Release on Bail. [234 Pa. Code § 528(C)](http://www.pacode.com/secure/data/234/chapter5/s528.html). Archived [here](https://perma.cc/5C9H-YQ4Y).
PRE.f,PRETRIAL_RELEASE,Pretrial Release Conditions,Financial conditions of pretrial release authorized by state law:,Full cash deposits,Pennsylvania Administrative Code. Rule 528. Monetary Condition of Release on Bail. [234 Pa. Code § 528(D)(1)](http://www.pacode.com/secure/data/234/chapter5/s528.html). Archived [here](https://perma.cc/5C9H-YQ4Y).
PRE.f,PRETRIAL_RELEASE,Pretrial Release Conditions,Financial conditions of pretrial release authorized by state law:,Property bonds,Pennsylvania Administrative Code. Rule 528. Monetary Condition of Release on Bail. [234 Pa. Code § 528(D)(3)](http://www.pacode.com/secure/data/234/chapter5/s528.html). Archived [here](https://perma.cc/5C9H-YQ4Y).
PRE.f,PRETRIAL_RELEASE,Pretrial Release Conditions,Financial conditions of pretrial release authorized by state law:,Nominal bail,Pennsylvania Administrative Code. Rule 524. Types of Release on Bail. [234 Pa. Code § 524(C)(4)](http://www.pacode.com/secure/data/234/chapter5/s524.html). Archived [here](https://perma.cc/EC33-QKY2).
PRE.f,PRETRIAL_RELEASE,Pretrial Release Conditions,Financial conditions of pretrial release authorized by state law:,Unsecured bonds,Pennsylvania Administrative Code. Rule 524. Types of Release on Bail. [234 Pa. Code § 524(C)(3)](http://www.pacode.com/secure/data/234/chapter5/s524.html). Archived [here](https://perma.cc/EC33-QKY2).
PRE.nf,PRETRIAL_RELEASE,Pretrial Release Conditions,Non-financial conditions of pretrial release authorized by state law:,Promise to appear in court (release on own recognizance),Pennsylvania Administrative Code. Rule 524. Types of Release on Bail. [234 Pa. Code § 524(C)(1)](http://www.pacode.com/secure/data/234/chapter5/s524.html). Archived [here](https://perma.cc/EC33-QKY2).
PRE.nf,PRETRIAL_RELEASE,Pretrial Release Conditions,Non-financial conditions of pretrial release authorized by state law:,Reporting,Pennsylvania Administrative Code. Rule 527. Nonmonetary Conditions of Release on Bail. [234 Pa. Code § 527(A)(1)](http://www.pacode.com/secure/data/234/chapter5/s527.html). Archived [here](https://perma.cc/ULV4-CRLX).
PRE.nf,PRETRIAL_RELEASE,Pretrial Release Conditions,Non-financial conditions of pretrial release authorized by state law:,Supervision by a designated person or organization,Pennsylvania Administrative Code. Rule 527. Nonmonetary Conditions of Release on Bail. [234 Pa. Code § 527](http://www.pacode.com/secure/data/234/chapter5/s527.html). Archived [here](https://perma.cc/ULV4-CRLX).
PRE.nf,PRETRIAL_RELEASE,Pretrial Release Conditions,Non-financial conditions of pretrial release authorized by state law:,Phone check-ins,Pennsylvania Administrative Code. Rule 527. Nonmonetary Conditions of Release on Bail. [234 Pa. Code § 527](http://www.pacode.com/secure/data/234/chapter5/s527.html). Archived [here](https://perma.cc/ULV4-CRLX).
PRE.nf,PRETRIAL_RELEASE,Pretrial Release Conditions,Non-financial conditions of pretrial release authorized by state law:,In-person check-ins,Pennsylvania Administrative Code. Rule 527. Nonmonetary Conditions of Release on Bail. [234 Pa. Code § 527](http://www.pacode.com/secure/data/234/chapter5/s527.html). Archived [here](https://perma.cc/ULV4-CRLX).
PRE.nf,PRETRIAL_RELEASE,Pretrial Release Conditions,Non-financial conditions of pretrial release authorized by state law:,Restrictions on travel,Pennsylvania Administrative Code. Rule 527. Nonmonetary Conditions of Release on Bail. [234 Pa. Code § 527(A)(2)](http://www.pacode.com/secure/data/234/chapter5/s527.html). Archived [here](https://perma.cc/ULV4-CRLX).
PRE.nf,PRETRIAL_RELEASE,Pretrial Release Conditions,Non-financial conditions of pretrial release authorized by state law:,Curfew adherence,Pennsylvania Administrative Code. Rule 527. Nonmonetary Conditions of Release on Bail. [234 Pa. Code § 527](http://www.pacode.com/secure/data/234/chapter5/s527.html). Archived [here](https://perma.cc/ULV4-CRLX).
PRE.nf,PRETRIAL_RELEASE,Pretrial Release Conditions,Non-financial conditions of pretrial release authorized by state law:,Restrictions on contact with victims or witnesses,Pennsylvania Administrative Code. Rule 526. Conditions of Bail Bond. [234 Pa. Code § 526(A)(4)](http://www.pacode.com/secure/data/234/chapter5/s526.html). Archived [here](https://perma.cc/W96K-V4YN).
PRE.nf,PRETRIAL_RELEASE,Pretrial Release Conditions,Non-financial conditions of pretrial release authorized by state law:,Restrictions on contact with certain associates,Pennsylvania Administrative Code. Rule 527. Nonmonetary Conditions of Release on Bail. [234 Pa. Code § 527](http://www.pacode.com/secure/data/234/chapter5/s527.html). Archived [here](https://perma.cc/ULV4-CRLX).
PRE.nf,PRETRIAL_RELEASE,Pretrial Release Conditions,Non-financial conditions of pretrial release authorized by state law:,Restrictions on possession and use of alcohol and/or controlled substances,Pennsylvania Administrative Code. Rule 527. Nonmonetary Conditions of Release on Bail. [234 Pa. Code § 527](http://www.pacode.com/secure/data/234/chapter5/s527.html). Archived [here](https://perma.cc/ULV4-CRLX).
PRE.nf,PRETRIAL_RELEASE,Pretrial Release Conditions,Non-financial conditions of pretrial release authorized by state law:,Submitting to drug or alcohol testing,Pennsylvania Administrative Code. Rule 527. Nonmonetary Conditions of Release on Bail. [234 Pa. Code § 527](http://www.pacode.com/secure/data/234/chapter5/s527.html). Archived [here](https://perma.cc/ULV4-CRLX).
PRE.nf,PRETRIAL_RELEASE,Pretrial Release Conditions,Non-financial conditions of pretrial release authorized by state law:,Participation in a drug or alcohol treatment program,Pennsylvania Administrative Code. Rule 527. Nonmonetary Conditions of Release on Bail. [234 Pa. Code § 527](http://www.pacode.com/secure/data/234/chapter5/s527.html). Archived [here](https://perma.cc/ULV4-CRLX).
PRE.nf,PRETRIAL_RELEASE,Pretrial Release Conditions,Non-financial conditions of pretrial release authorized by state law:,Participation in an educational or vocational program,Pennsylvania Administrative Code. Rule 527. Nonmonetary Conditions of Release on Bail. [234 Pa. Code § 527](http://www.pacode.com/secure/data/234/chapter5/s527.html). Archived [here](https://perma.cc/ULV4-CRLX).
PRE.nf,PRETRIAL_RELEASE,Pretrial Release Conditions,Non-financial conditions of pretrial release authorized by state law:,Refraining from any criminal activity,Pennsylvania Administrative Code. Rule 526. Conditions of Bail Bond. [234 Pa. Code § 526(A)(5)](http://www.pacode.com/secure/data/234/chapter5/s526.html). Archived [here](https://perma.cc/W96K-V4YN).
PRE.nf,PRETRIAL_RELEASE,Pretrial Release Conditions,Non-financial conditions of pretrial release authorized by state law:,Any conditions necessary to ensure the defendant's appearance in court and their compliance with the conditions of the bail bond,Pennsylvania Administrative Code. Rule 527. Nonmonetary Conditions of Release on Bail. [234 Pa. Code § 527(A)(3)](http://www.pacode.com/secure/data/234/chapter5/s527.html). Archived [here](https://perma.cc/ULV4-CRLX).
PTD.h2,PRETRIAL_RELEASE,Pretrial Detention,Offenses that require a hearing to deny pretrial release:,All offenses require a hearing to deny pretrial release,Pennsylvania Administrative Code. Rule 510. Contents of Summons; Notice of Preliminary Hearing. [234 Pa. Code § 510(B)(2)](http://www.pacode.com/secure/data/234/chapter5/s510.html). Archived [here](https://perma.cc/54CW-SNS5).
PTD.h3,PRETRIAL_RELEASE,Pretrial Detention,"If a hearing is not required, who is authorized to make pretrial release decisions?",NA,
BBA.a,PRETRIAL_RELEASE,Bail Bond Agencies,Are commercial bail bond agencies allowed?,"Yes, and individuals working for an agency require a license",Pennsylvania Consolidated Statutes. 5742. Licensure required. [42 Pa. Cons. Stat. § 5742 (2012)](https://law.justia.com/codes/pennsylvania/2012/title-42/chapter-57/section-5742/). Archived [here](https://perma.cc/USA4-GG9N).
PTV.a,PRETRIAL_RELEASE,Pretrial Diversion,Individuals responsible for pretrial diversion admission decisions (may be program-specific):,Judges,"Pennsylvania Consolidated Statutes. 1520. Adjudication alternative program. [42 Pa. Cons Stat. § 1520(a) (2012)](https://law.justia.com/codes/pennsylvania/2012/title-42/chapter-15/section-1520/). Archived [here](https://perma.cc/6JSC-8ZBG).
Pennsylvania Consolidated Statutes. 780-117. Probation Without Verdict. [35 Pa. Cons. Stat. § 780-117(1)](http://www.legis.state.pa.us/cfdocs/legis/LI/uconsCheck.cfm?txtType=HTM&yr=1972&sessInd=0&smthLwInd=0&act=64&chpt=0&sctn=17&subsctn=0). Archived [here](https://perma.cc/HL5F-8QY2)."
PTV.a,PRETRIAL_RELEASE,Pretrial Diversion,Individuals responsible for pretrial diversion admission decisions (may be program-specific):,Magistrates,Pennsylvania Consolidated Statutes. 1520. Adjudication alternative program. [42 Pa. Cons Stat. § 1520(a) (2012)](https://law.justia.com/codes/pennsylvania/2012/title-42/chapter-15/section-1520/). Archived [here](https://perma.cc/6JSC-8ZBG).
PTV.a,PRETRIAL_RELEASE,Pretrial Diversion,Individuals responsible for pretrial diversion admission decisions (may be program-specific):,Counties are authorized to refer and admit candidates to diversion programs,"Pennsylvania Consolidated Statutes. 916. Problem-solving courts. [42 Pa. Cons. Stat. § 916 (2012)](https://law.justia.com/codes/pennsylvania/2012/title-42/chapter-9/section-916/). Archived [here](https://perma.cc/NP95-ZZRF).
Pennsylvania Consolidated Statutes. 1552. Accelerated Rehabilitative Disposition. [75 Pa. Cons. Stat. § 1552 (2012)](https://law.justia.com/codes/pennsylvania/2012/title-75/chapter-15/section-1552/). Archived [here](https://perma.cc/EHG4-LNB2)."
PTV.b,PRETRIAL_RELEASE,Pretrial Diversion,Types of pretrial diversion authorized by state law:,Probation without verdict,Pennsylvania Consolidated Statutes. 780-117. Probation Without Verdict. [35 Pa. Cons. Stat. § 780-117](http://www.legis.state.pa.us/cfdocs/legis/LI/uconsCheck.cfm?txtType=HTM&yr=1972&sessInd=0&smthLwInd=0&act=64&chpt=0&sctn=17&subsctn=0). Archived [here](https://perma.cc/HL5F-8QY2).
PTV.b,PRETRIAL_RELEASE,Pretrial Diversion,Types of pretrial diversion authorized by state law:,"Community service, control, or supervision programs",Pennsylvania Consolidated Statutes. 1520. Public service programs and other adjudication alternatives. [42 Pa. Cons Stat. § 1520(b) (2012)](https://law.justia.com/codes/pennsylvania/2012/title-42/chapter-15/section-1520/). Archived [here](https://perma.cc/8BQQ-MXPW).
PTV.b,PRETRIAL_RELEASE,Pretrial Diversion,Types of pretrial diversion authorized by state law:,Vocational programs,Pennsylvania Consolidated Statutes. 1520. Public service programs and other adjudication alternatives. [42 Pa. Cons Stat. § 1520(b) (2012)](https://law.justia.com/codes/pennsylvania/2012/title-42/chapter-15/section-1520/). Archived [here](https://perma.cc/8BQQ-MXPW).
PTV.b,PRETRIAL_RELEASE,Pretrial Diversion,Types of pretrial diversion authorized by state law:,All problem solving courts,Pennsylvania Consolidated Statutes. 916. Problem-solving courts. [42 Pa. Cons Stat. § 916(a) (2012)](https://law.justia.com/codes/pennsylvania/2012/title-42/chapter-9/section-916/). Archived [here](https://perma.cc/9UXR-UMCX).
PTV.b,PRETRIAL_RELEASE,Pretrial Diversion,Types of pretrial diversion authorized by state law:,Education programs,Pennsylvania Consolidated Statutes. 1520. Public service programs and other adjudication alternatives. [42 Pa. Cons Stat. § 1520(b) (2012)](https://law.justia.com/codes/pennsylvania/2012/title-42/chapter-15/section-1520/). Archived [here](https://perma.cc/8BQQ-MXPW).
PTV.b,PRETRIAL_RELEASE,Pretrial Diversion,Types of pretrial diversion authorized by state law:,Accelerated rehabilitative disposition,Pennsylvania Consolidated Statutes. 1552. Accelerated Rehabilitative Disposition. [75 Pa. Cons Stat. § 1552 (2012)](https://law.justia.com/codes/pennsylvania/2012/title-75/chapter-15/section-1552/). Archived [here](https://perma.cc/Z8QM-46Z4).
PTV.b,PRETRIAL_RELEASE,Pretrial Diversion,Types of pretrial diversion authorized by state law:,Drug court,Pennsylvania Consolidated Statutes. 916. Problem-solving courts. [42 Pa. Cons Stat. § 916(a) (2012)](https://law.justia.com/codes/pennsylvania/2012/title-42/chapter-9/section-916/). Archived [here](https://perma.cc/9UXR-UMCX).
PTV.b,PRETRIAL_RELEASE,Pretrial Diversion,Types of pretrial diversion authorized by state law:,Mental health court,Pennsylvania Consolidated Statutes. 916. Problem-solving courts. [42 Pa. Cons Stat. § 916(a) (2012)](https://law.justia.com/codes/pennsylvania/2012/title-42/chapter-9/section-916/). Archived [here](https://perma.cc/9UXR-UMCX).
PTV.b,PRETRIAL_RELEASE,Pretrial Diversion,Types of pretrial diversion authorized by state law:,DUI court,Pennsylvania Consolidated Statutes. 780-117. Probation Without Verdict. [35 Pa. Cons. Stat. § 780-117](http://www.legis.state.pa.us/cfdocs/legis/LI/uconsCheck.cfm?txtType=HTM&yr=1972&sessInd=0&smthLwInd=0&act=64&chpt=0&sctn=17&subsctn=0). Archived [here](https://perma.cc/HL5F-8QY2).
PTV.b,PRETRIAL_RELEASE,Pretrial Diversion,Types of pretrial diversion authorized by state law:,"Counties are authorized to implement any pretrial diversion program, subject to statutory restrictions",Pennsylvania Consolidated Statutes. 916. Problem-solving courts. [42 Pa. Cons Stat. § 916(a) (2012)](https://law.justia.com/codes/pennsylvania/2012/title-42/chapter-9/section-916/). Archived [here](https://perma.cc/9UXR-UMCX).
PTV.d,PRETRIAL_RELEASE,Pretrial Diversion,Types of defendants eligible for pretrial diversion (program eligibility may be satisfied by different combinations of criteria):,Defendants with no prior convictions,Pennsylvania Consolidated Statutes. 1520. Adjudication alternative program. [42 Pa. Cons. Stat. § 1520 (2012)](https://law.justia.com/codes/pennsylvania/2012/title-42/chapter-15/section-1520/). Archived [here](https://perma.cc/ET9W-7TXT).
PTV.d,PRETRIAL_RELEASE,Pretrial Diversion,Types of defendants eligible for pretrial diversion (program eligibility may be satisfied by different combinations of criteria):,Defendants who have not previously entered into a diversion agreement,Pennsylvania Consolidated Statutes. 780-117. Probation Without Verdict. [35 Pa. Cons. Stat. § 780-117(1)](http://www.legis.state.pa.us/cfdocs/legis/LI/uconsCheck.cfm?txtType=HTM&yr=1972&sessInd=0&smthLwInd=0&act=64&chpt=0&sctn=17&subsctn=0). Archived [here](https://perma.cc/HL5F-8QY2).
PTV.d,PRETRIAL_RELEASE,Pretrial Diversion,Types of defendants eligible for pretrial diversion (program eligibility may be satisfied by different combinations of criteria):,Defendants who voluntarily agree to participation,Pennsylvania Consolidated Statutes. 780-117. Probation Without Verdict. [35 Pa. Cons. Stat. § 780-117(1)](http://www.legis.state.pa.us/cfdocs/legis/LI/uconsCheck.cfm?txtType=HTM&yr=1972&sessInd=0&smthLwInd=0&act=64&chpt=0&sctn=17&subsctn=0). Archived [here](https://perma.cc/HL5F-8QY2).
PTV.d,PRETRIAL_RELEASE,Pretrial Diversion,Types of defendants eligible for pretrial diversion (program eligibility may be satisfied by different combinations of criteria):,"Defendants not charged with multiple, separate, and unrelated offenses",Pennsylvania Consolidated Statutes. 780-117. Probation Without Verdict. [35 Pa. Cons. Stat. § 780-117(1)](http://www.legis.state.pa.us/cfdocs/legis/LI/uconsCheck.cfm?txtType=HTM&yr=1972&sessInd=0&smthLwInd=0&act=64&chpt=0&sctn=17&subsctn=0). Archived [here](https://perma.cc/HL5F-8QY2).
PTV.d,PRETRIAL_RELEASE,Pretrial Diversion,Types of defendants eligible for pretrial diversion (program eligibility may be satisfied by different combinations of criteria):,"Counties are authorized to determine the eligibility of defendants, subject to statutory restrictions","Pennsylvania Consolidated Statutes. 916. Problem-solving courts. [42 Pa. Cons. Stat. § 916 (2012)](https://law.justia.com/codes/pennsylvania/2012/title-42/chapter-9/section-916/). Archived [here](https://perma.cc/YN5M-YZ5X).
Pennsylvania Consolidated Statutes. 1552. Accelerated Rehabilitative Disposition. [75 Pa. Cons. Stat. § 1552 (2012)](https://law.justia.com/codes/pennsylvania/2012/title-75/chapter-15/section-1552/). Archived [here](https://perma.cc/A9WG-KYZE)."
PTV.e,PRETRIAL_RELEASE,Pretrial Diversion,Offenses eligible for pretrial diversion:,Summary offenses or infractions,Pennsylvania Consolidated Statutes. 1520. Adjudication alternative program. [42 Pa. Cons. Stat. § 1520(a) (2012)](https://law.justia.com/codes/pennsylvania/2012/title-42/chapter-15/section-1520/). Archived [here](https://perma.cc/FBW3-46DJ).
PTV.e,PRETRIAL_RELEASE,Pretrial Diversion,Offenses eligible for pretrial diversion:,Any nonviolent offense,Pennsylvania Consolidated Statutes. 780-117. Probation Without Verdict. [35 Pa. Cons. Stat. § 780-117](http://www.legis.state.pa.us/cfdocs/legis/LI/uconsCheck.cfm?txtType=HTM&yr=1972&sessInd=0&smthLwInd=0&act=64&chpt=0&sctn=17&subsctn=0). Archived [here](https://perma.cc/HL5F-8QY2).
PTV.e,PRETRIAL_RELEASE,Pretrial Diversion,Offenses eligible for pretrial diversion:,Certain offenses related to DUIs,Pennsylvania Consolidated Statutes. 1552. Accelerated Rehabilitative Disposition. [75 Pa. Cons. Stat. § 1552 (2012)](https://law.justia.com/codes/pennsylvania/2012/title-75/chapter-15/section-1552/). Archived [here](https://perma.cc/94QH-R5XY).
PTV.e,PRETRIAL_RELEASE,Pretrial Diversion,Offenses eligible for pretrial diversion:,"Counties are authorized to determine which offenses are eligible for pretrial diversion, subject to statutory restrictions","Pennsylvania Consolidated Statutes. 916. Problem-solving courts. [42 Pa. Cons. Stat. § 916(a),(b) (2012)](https://law.justia.com/codes/pennsylvania/2012/title-42/chapter-9/section-916/). Archived [here](https://perma.cc/VH2W-CHRY)."
PTS.a,PRETRIAL_RELEASE,Pretrial Services,Does state law require that jurisdictions have a pretrial services office?,Information not located in statutes,
IDS.b,INDIGENT_DEFENSE,Indigent Defense Systems,Individual or office responsible for determining indigency:,The public defender's office,"Act 358 of Dec 2, 1968. ""Public Defender Act"". Section 6(b). Duties. [Public Defender Act, §6(b)](http://www.legis.state.pa.us/WU01/LI/LI/US/PDF/1968/0/0358..PDF). Archived [here](https://perma.cc/M9XX-WJQQ)."
IDS.e,INDIGENT_DEFENSE,Indigent Defense Systems,Can costs be imposed on the defendant for public defender work?,Information not located in statutes,
STO.b,SENTENCING_AND_CORRECTIONS,Sentencing Options,Are there any circumstances in which a sentence of probation is required?,Yes; state law provides a list of 12 criteria that courts must use when deciding between a sentence of probation or incarceration,Pennsylvania Consolidated Statutes. 9722. Order of probation. [42 Pa. Cons. Stat. § 9722 (2012)](https://law.justia.com/codes/pennsylvania/2012/title-42/chapter-97/section-9722/). Archived [here](https://perma.cc/R5DU-PNKP).
PRB.v,SENTENCING_AND_CORRECTIONS,Probation,How are technical violations of probation defined by state law?,Information not located in statutes,
PRB.j1,SENTENCING_AND_CORRECTIONS,Probation,Can revocations of probation due to technical violations be punished with incarceration?,Yes,"Pennsylvania Consolidated Statutes. 9771. Modification or revocation of order of probation. [42 Pa. Cons. Stat. § 9771(b),(c) (2012)](https://law.justia.com/codes/pennsylvania/2012/title-42/chapter-97/section-9771/). Archived [here](https://perma.cc/WM8L-99NN).
Pennsylvania Consolidated Statutes. 9771.1. Court-imposed sanctions for offenders violating probation. [42 Pa. Cons. Stat. § 9771.1(g) (2012)](https://law.justia.com/codes/pennsylvania/2012/title-42/chapter-97/section-9771.1/). Archived [here](https://perma.cc/UC39-45S2)."
EMP.q,COLLATERAL_CONSEQUENCES,Employment,Does state law restrict employment application questions regarding prior arrests or convictions?,No,Pennsylvania Consolidated Statutes. 9125. Use of records for employment. [18 Pa. Cons. Stat. § 9125 (2012)](https://law.justia.com/codes/pennsylvania/2012/title-18/chapter-91/section-9125/). Archived [here](https://perma.cc/BDS4-TVBP).
EMP.p,COLLATERAL_CONSEQUENCES,Employment,"Aside from health care and law enforcement, are there other licensed professions that can exclude persons with arrest or conviction records?",Yes,Pennsylvania Consolidated Statutes. 9124. Use of records by licensing agencies. [18 Pa. Cons. Stat. § 9124 (2012)](https://law.justia.com/codes/pennsylvania/2012/title-18/chapter-91/section-9124/). Archived [here](https://perma.cc/72FN-Z94G).
EMP.d,COLLATERAL_CONSEQUENCES,Employment,Circumstances under which employers may use criminal records when making employment decisions:,The applicant has been convicted of a felony or misdemeanor related to his or her suitability for employment,Pennsylvania Consolidated Statutes. 9125. Use of records for employment. [18 Pa. Cons. Stat. § 9125(b) (2012)](https://law.justia.com/codes/pennsylvania/2012/title-18/chapter-91/section-9125/). Archived [here](https://perma.cc/AMH6-6SZP).
PBA.b,COLLATERAL_CONSEQUENCES,Public Assistance,Does the state participate in the federal TANF and food stamps ban for individuals with felony drug convictions?,No,"House Bill. Act 44 of Dec. 2003. Public Welfare Code ‚Äì Exempting certain persons from federal law relating to public assistance and establishing the health care provider retention account and the Health Care Provider Retention Program. [Act 44 of 2003](http://www.legis.state.pa.us/cfdocs/legis/li/uconsCheck.cfm?yr=2003&sessInd=0&act=44). Archived [here](https://perma.cc/RR5V-FBHQ).
Legal Action Center. Public Assistance Ban Report. [LAC Public Assistance Ban Report](http://lac.org/toolkits/TANF/TANF.htm). Archived [here](https://perma.cc/VK7H-SGMK)."
CCR.a,COLLATERAL_CONSEQUENCES,Clearing a Criminal Record,Circumstances under which an arrest record may be cleared (qualification requirements may be satisfied by different combinations of the criteria):,A petition or request has been filed and accepted,Pennsylvania Consolidated Statutes. 9122. Expungement. [18 Pa. Cons. Stat. § 9122 (2012)](https://law.justia.com/codes/pennsylvania/2012/title-18/chapter-91/section-9122/). Archived [here](https://perma.cc/Y9B7-68S4).
CCR.a,COLLATERAL_CONSEQUENCES,Clearing a Criminal Record,Circumstances under which an arrest record may be cleared (qualification requirements may be satisfied by different combinations of the criteria):,The court has ordered or approved an expunction request,Pennsylvania Consolidated Statutes. 9122. Expungement. [18 Pa. Cons. Stat. § 9122 (2012)](https://law.justia.com/codes/pennsylvania/2012/title-18/chapter-91/section-9122/). Archived [here](https://perma.cc/Y9B7-68S4).
CCR.a,COLLATERAL_CONSEQUENCES,Clearing a Criminal Record,Circumstances under which an arrest record may be cleared (qualification requirements may be satisfied by different combinations of the criteria):,The state police central repository has not received a disposition for the case,Pennsylvania Consolidated Statutes. 9122. Expungement. [18 Pa. Cons. Stat. § 9122 (2012)](https://law.justia.com/codes/pennsylvania/2012/title-18/chapter-91/section-9122/). Archived [here](https://perma.cc/Y9B7-68S4).
CCR.a,COLLATERAL_CONSEQUENCES,Clearing a Criminal Record,Circumstances under which an arrest record may be cleared (qualification requirements may be satisfied by different combinations of the criteria):,"The state police central repository did not record a disposition for the case within 18 months after the arrest, and the court confirms that no action is pending",Pennsylvania Consolidated Statutes. 9122. Expungement. [18 Pa. Cons. Stat. § 9122 (2012)](https://law.justia.com/codes/pennsylvania/2012/title-18/chapter-91/section-9122/). Archived [here](https://perma.cc/Y9B7-68S4).
CCR.a,COLLATERAL_CONSEQUENCES,Clearing a Criminal Record,Circumstances under which an arrest record may be cleared (qualification requirements may be satisfied by different combinations of the criteria):,The petitioner is at least 70 years old and has not been arrested or faced prosecution for at least 10 years following his or her final release from custody,Pennsylvania Consolidated Statutes. 9122. Expungement. [18 Pa. Cons. Stat. § 9122 (2012)](https://law.justia.com/codes/pennsylvania/2012/title-18/chapter-91/section-9122/). Archived [here](https://perma.cc/Y9B7-68S4).
CCR.a,COLLATERAL_CONSEQUENCES,Clearing a Criminal Record,Circumstances under which an arrest record may be cleared (qualification requirements may be satisfied by different combinations of the criteria):,The individual has been deceased for at least 3 years,Pennsylvania Consolidated Statutes. 9122. Expungement. [18 Pa. Cons. Stat. § 9122 (2012)](https://law.justia.com/codes/pennsylvania/2012/title-18/chapter-91/section-9122/). Archived [here](https://perma.cc/Y9B7-68S4).
CCR.a,COLLATERAL_CONSEQUENCES,Clearing a Criminal Record,Circumstances under which an arrest record may be cleared (qualification requirements may be satisfied by different combinations of the criteria):,The petitioner has not been placed in an Accelerated Rehabilitative Disposition program for sex offenses against an individual under 18,Pennsylvania Consolidated Statutes. 9122. Expungement. [18 Pa. Cons. Stat. § 9122 (2012)](https://law.justia.com/codes/pennsylvania/2012/title-18/chapter-91/section-9122/). Archived [here](https://perma.cc/Y9B7-68S4).
CCR.a,COLLATERAL_CONSEQUENCES,Clearing a Criminal Record,Circumstances under which an arrest record may be cleared (qualification requirements may be satisfied by different combinations of the criteria):,The petitioner is not involved in any pending criminal procedures,Pennsylvania Consolidated Statutes. 9122. Expungement. [18 Pa. Cons. Stat. § 9122 (2012)](https://law.justia.com/codes/pennsylvania/2012/title-18/chapter-91/section-9122/). Archived [here](https://perma.cc/Y9B7-68S4).
CCR.c,COLLATERAL_CONSEQUENCES,Clearing a Criminal Record,Circumstances under which a conviction record may be cleared (qualification requirements may be satisfied by different combinations of the criteria):,A petition or request has been filed and accepted,"Pennsylvania Consolidated Statutes. 9122. Expungement. [18 Pa. Cons. Stat. § 9122(a)(3),(b) (2012)](https://law.justia.com/codes/pennsylvania/2012/title-18/chapter-91/section-9122/). Archived [here](https://perma.cc/W6TC-ZB79)."
CCR.c,COLLATERAL_CONSEQUENCES,Clearing a Criminal Record,Circumstances under which a conviction record may be cleared (qualification requirements may be satisfied by different combinations of the criteria):,The record in question pertains to a summary conviction,"Pennsylvania Consolidated Statutes. 9122. Expungement. [18 Pa. Cons. Stat. § 9122(a)(3),(b) (2012)](https://law.justia.com/codes/pennsylvania/2012/title-18/chapter-91/section-9122/). Archived [here](https://perma.cc/W6TC-ZB79)."
CCR.c,COLLATERAL_CONSEQUENCES,Clearing a Criminal Record,Circumstances under which a conviction record may be cleared (qualification requirements may be satisfied by different combinations of the criteria):,The petitioner is at least 70 years old and has not been arrested or faced prosecution for at least 10 years following his or her final release from custody,"Pennsylvania Consolidated Statutes. 9122. Expungement. [18 Pa. Cons. Stat. § 9122(a)(3),(b) (2012)](https://law.justia.com/codes/pennsylvania/2012/title-18/chapter-91/section-9122/). Archived [here](https://perma.cc/W6TC-ZB79)."
CCR.c,COLLATERAL_CONSEQUENCES,Clearing a Criminal Record,Circumstances under which a conviction record may be cleared (qualification requirements may be satisfied by different combinations of the criteria):,The individual has been deceased for at least 3 years,"Pennsylvania Consolidated Statutes. 9122. Expungement. [18 Pa. Cons. Stat. § 9122(a)(3),(b) (2012)](https://law.justia.com/codes/pennsylvania/2012/title-18/chapter-91/section-9122/). Archived [here](https://perma.cc/W6TC-ZB79)."
CCR.c,COLLATERAL_CONSEQUENCES,Clearing a Criminal Record,Circumstances under which a conviction record may be cleared (qualification requirements may be satisfied by different combinations of the criteria):,The petitioner has been free of arrest or prosecution for five years following the conviction for which expunction is sought,"Pennsylvania Consolidated Statutes. 9122. Expungement. [18 Pa. Cons. Stat. § 9122(a)(3),(b) (2012)](https://law.justia.com/codes/pennsylvania/2012/title-18/chapter-91/section-9122/). Archived [here](https://perma.cc/W6TC-ZB79)."
CCR.p,COLLATERAL_CONSEQUENCES,Clearing a Criminal Record,Circumstances under which pardons may be granted:,An application or petition has been submitted and accepted,"Pennsylvania Constitution. Article IV, section 9. Pardoning power; Board of Pardons. [P.A. Const. art. IV,  § 9](http://www.legis.state.pa.us/cfdocs/legis/LI/consCheck.cfm?txtType=HTM&ttl=00&div=0&chpt=4&sctn=9&subsctn=0). Archived [here](https://perma.cc/E378-WTNQ)."
CCR.p,COLLATERAL_CONSEQUENCES,Clearing a Criminal Record,Circumstances under which pardons may be granted:,Approval from the governor,"Pennsylvania Constitution. Article IV, section 9. Pardoning power; Board of Pardons. [P.A. Const. art. IV,  § 9](http://www.legis.state.pa.us/cfdocs/legis/LI/consCheck.cfm?txtType=HTM&ttl=00&div=0&chpt=4&sctn=9&subsctn=0). Archived [here](https://perma.cc/E378-WTNQ)."
CCR.p,COLLATERAL_CONSEQUENCES,Clearing a Criminal Record,Circumstances under which pardons may be granted:,Majority approval from the board of pardons,"Pennsylvania Constitution. Article IV, section 9. Pardoning power; Board of Pardons. [P.A. Const. art. IV,  § 9](http://www.legis.state.pa.us/cfdocs/legis/LI/consCheck.cfm?txtType=HTM&ttl=00&div=0&chpt=4&sctn=9&subsctn=0). Archived [here](https://perma.cc/E378-WTNQ)."
CCR.p,COLLATERAL_CONSEQUENCES,Clearing a Criminal Record,Circumstances under which pardons may be granted:,Unanimous approval from the board of pardons if a death sentence has been imposed and clemency counsel is sought,"Pennsylvania Constitution. Article IV, section 9. Pardoning power; Board of Pardons. [P.A. Const. art. IV,  § 9](http://www.legis.state.pa.us/cfdocs/legis/LI/consCheck.cfm?txtType=HTM&ttl=00&div=0&chpt=4&sctn=9&subsctn=0). Archived [here](https://perma.cc/E378-WTNQ)."
CCR.p,COLLATERAL_CONSEQUENCES,Clearing a Criminal Record,Circumstances under which pardons may be granted:,The offense for which clemency is sought is not a conviction resulting from impeachment,"Pennsylvania Constitution. Article IV, section 9. Pardoning power; Board of Pardons. [P.A. Const. art. IV,  § 9](http://www.legis.state.pa.us/cfdocs/legis/LI/consCheck.cfm?txtType=HTM&ttl=00&div=0&chpt=4&sctn=9&subsctn=0). Archived [here](https://perma.cc/E378-WTNQ)."
CCR.p,COLLATERAL_CONSEQUENCES,Clearing a Criminal Record,Circumstances under which pardons may be granted:,"In the case of a sentence of death or life incarceration, a full hearing in open session must be held following due public notice","Pennsylvania Constitution. Article IV, section 9. Pardoning power; Board of Pardons. [P.A. Const. art. IV,  § 9](http://www.legis.state.pa.us/cfdocs/legis/LI/consCheck.cfm?txtType=HTM&ttl=00&div=0&chpt=4&sctn=9&subsctn=0). Archived [here](https://perma.cc/E378-WTNQ)."
CCR.r,COLLATERAL_CONSEQUENCES,Clearing a Criminal Record,Do expunged records appear in public record requests?,Yes,Pennsylvania Consolidated Statutes. 9122. Expungement. [18 Pa. Cons. Stat. § 9122(e) (2012)](https://law.justia.com/codes/pennsylvania/2012/title-18/chapter-91/section-9122/). Archived [here](https://perma.cc/WKB5-U3YS).
OTR.d,COLLATERAL_CONSEQUENCES,Other,Individuals that may be compelled by state law to submit to DNA testing:,Individuals convicted of any felony sex offense,"Pennsylvania Consolidated Statutes. 2316. DNA sample required upon conviction, delinquency adjudication and certain ARD cases. [44 Pa. Cons. Stat. § 2316(a) (2012)](https://law.justia.com/codes/pennsylvania/2012/title-44/chapter-23/section-2316/). Archived [here](https://perma.cc/5JMF-H7N7)."
OTR.d,COLLATERAL_CONSEQUENCES,Other,Individuals that may be compelled by state law to submit to DNA testing:,Individuals accepted into the Accelerated Rehabilitative Disposition program as a result of a criminal charge for a felony sex offense,"Pennsylvania Consolidated Statutes. 2316. DNA sample required upon conviction, delinquency adjudication and certain ARD cases. [44 Pa. Cons. Stat. § 2316(c) (2012)](https://law.justia.com/codes/pennsylvania/2012/title-44/chapter-23/section-2316/). Archived [here](https://perma.cc/6U8P-QWZC)."
OTR.l,COLLATERAL_CONSEQUENCES,Other,Non-traffic offenses that can result in the suspension or revocation of a driver's license (suspension or revocation may be either mandatory or discretionary):,Any felony involving a motor vehicle (mandatory),Pennsylvania Consolidated Statutes. 1532. Suspension of operating privilege. [75 Pa. Cons. Stat. § 1532(a)(1) (2012)](https://law.justia.com/codes/pennsylvania/2012/title-75/chapter-15/section-1532/). Archived [here](https://perma.cc/SB9J-3XK9).
OTR.l,COLLATERAL_CONSEQUENCES,Other,Non-traffic offenses that can result in the suspension or revocation of a driver's license (suspension or revocation may be either mandatory or discretionary):,Failure to pay child support (mandatory),Pennsylvania Consolidated Statutes. 4355. Denial or suspension of licenses. [23 Pa. Cons. Stat. § 4355(a) (2012)](https://law.justia.com/codes/pennsylvania/2012/title-23/chapter-43/section-4355/). Archived [here](https://perma.cc/7BGZ-S2FS).
OTR.l,COLLATERAL_CONSEQUENCES,Other,Non-traffic offenses that can result in the suspension or revocation of a driver's license (suspension or revocation may be either mandatory or discretionary):,Purchase of alcohol while under age 21 (mandatory),Pennsylvania Consolidated Statutes. 1532. Suspension of operating privilege. [75 Pa. Cons. Stat. § 1532(c) (2012)](https://law.justia.com/codes/pennsylvania/2012/title-75/chapter-15/section-1532/). Archived [here](https://perma.cc/Z3VH-VFLZ).
OTR.l,COLLATERAL_CONSEQUENCES,Other,Non-traffic offenses that can result in the suspension or revocation of a driver's license (suspension or revocation may be either mandatory or discretionary):,"Offenses related to altering, forging or counterfeiting documents related to motor vehicles or license plates (mandatory)",Pennsylvania Consolidated Statutes. 1532. Suspension of operating privilege. [75 Pa. Cons. Stat. § 1532(a)(3) (2012)](https://law.justia.com/codes/pennsylvania/2012/title-75/chapter-15/section-1532/). Archived [here](https://perma.cc/T9W4-U4RA).
OTR.l,COLLATERAL_CONSEQUENCES,Other,Non-traffic offenses that can result in the suspension or revocation of a driver's license (suspension or revocation may be either mandatory or discretionary):,Possession or sale of controlled substances (mandatory),Pennsylvania Consolidated Statutes. 1532. Suspension of operating privilege. [75 Pa. Cons. Stat. § 1532(c) (2012)](https://law.justia.com/codes/pennsylvania/2012/title-75/chapter-15/section-1532/). Archived [here](https://perma.cc/Z3VH-VFLZ).
OCC.c,COLLATERAL_CONSEQUENCES,Other collateral consequences,Other collateral consequences besides the suspension or revocation of a driver's license that may result from a conviction:,"Ineligibility for TANF, the General Assistance program, food assistance, and medical assistance for individuals convicted of fraudulently applying to these programs",Pennsylvania Administration Code. Rule 141.21. Eligibility Provisions for TANF/GA. Policy. [55 Pa.Code § 141.21(s)](http://www.pacode.com/secure/data/055/chapter141/s141.21.html). Archived [here](https://perma.cc/6JCE-TEWS).
OCC.c,COLLATERAL_CONSEQUENCES,Other collateral consequences,Other collateral consequences besides the suspension or revocation of a driver's license that may result from a conviction:,Loss of voting rights for individuals currently incarcerated for a felony,"Department of State. Voting Rights of Convicted Felons, Convicted Misdemeanants, and Pretrial Detainees Brochure. [Voting Rights of Convicted Felons, Convicted Misdemeanants, and Pretrial Detainees](http://www.cor.pa.gov/How%20Do%20I/Documents/Convicted_felon_brochure%20-%20Voting%202016.pdf). Archived [here](https://perma.cc/WJ79-2EKV)."
OCC.c,COLLATERAL_CONSEQUENCES,Other collateral consequences,Other collateral consequences besides the suspension or revocation of a driver's license that may result from a conviction:,Firearm restrictions,"Pennsylvania Consolidated Statutes. 6105. Persons not to possess, use, manufacture, control, sell or transfer firearms. [18 Pa. Cons. Stat. § 6105(a)(1),(b) (2012)](https://law.justia.com/codes/pennsylvania/2012/title-18/chapter-61/section-6105/). Archived [here](https://perma.cc/GFV4-7AR4)."
OCC.c,COLLATERAL_CONSEQUENCES,Other collateral consequences,Other collateral consequences besides the suspension or revocation of a driver's license that may result from a conviction:,Denial of the opportunity to adopt,Pennsylvania Consolidated Statutes. 6344. Employees having contact with children; adoptive and foster parents. [23 Pa. Cons. Stat. § 6344(p)(2) (2012)](https://law.justia.com/codes/pennsylvania/2012/title-23/chapter-63/section-6344/). Archived [here](https://perma.cc/ENL5-DM75).
OCC.c,COLLATERAL_CONSEQUENCES,Other collateral consequences,Other collateral consequences besides the suspension or revocation of a driver's license that may result from a conviction:,Removal of child custody rights,Pennsylvania Consolidated Statutes. 5329. Consideration of criminal conviction. [23 Pa. Cons. Stat. § 5329(a) (2012)](https://law.justia.com/codes/pennsylvania/2012/title-23/chapter-53/section-5329/). Archived [here](https://perma.cc/3Z9E-U3WE).
OCC.c,COLLATERAL_CONSEQUENCES,Other collateral consequences,Other collateral consequences besides the suspension or revocation of a driver's license that may result from a conviction:,Termination of parental rights,"Pennsylvania Consolidated Statutes. 2511. Grounds for involuntary termination. [23 Pa. Cons. Stat. § 2511(a)(7),(9) (2012)](https://law.justia.com/codes/pennsylvania/2012/title-23/chapter-25/section-2511/). Archived [here](https://perma.cc/3E8L-6AAC)."
OCC.c,COLLATERAL_CONSEQUENCES,Other collateral consequences,Other collateral consequences besides the suspension or revocation of a driver's license that may result from a conviction:,Loss of veterans benefits,Pennsylvania Administrative Code. Rule 7.11. Grounds for discharge. [43 Pa.Code § 7.11(2)](http://www.pacode.com/secure/data/043/chapter7/s7.11.html). Archived [here](https://perma.cc/7FM5-5SNF).
OCC.c,COLLATERAL_CONSEQUENCES,Other collateral consequences,Other collateral consequences besides the suspension or revocation of a driver's license that may result from a conviction:,Deportation,Pennsylvania Consolidated Statutes. 6143. Early parole of inmates subject to Federal removal order. [61 Pa. Cons. Stat. § 6143 (2012)](https://law.justia.com/codes/pennsylvania/2012/title-61/chapter-61/section-6143/). Archived [here](https://perma.cc/9CM7-PWXH).
JDR.a,COLLATERAL_CONSEQUENCES,Judicial Rights,Can failure to pay court fees result in the loss of the right to a court-appointed attorney?,No,Pennsylvania Administrative Code. Rule 706. Fines or Costs. [234 Pa. Code § 706](http://www.pacode.com/secure/data/234/chapter7/s706.html). Archived [here](https://perma.cc/T7Q5-S8AX).
CTF.t,COLLATERAL_CONSEQUENCES,Court Fees,Types of court fees that may be imposed (list may not be exhaustive):,Probation or supervision fees,
CTF.t,COLLATERAL_CONSEQUENCES,Court Fees,Types of court fees that may be imposed (list may not be exhaustive):,Electronic monitoring fees,
CTF.t,COLLATERAL_CONSEQUENCES,Court Fees,Types of court fees that may be imposed (list may not be exhaustive):,Jail usage fees for pre-sentence detainment,
CTF.t,COLLATERAL_CONSEQUENCES,Court Fees,Types of court fees that may be imposed (list may not be exhaustive):,Conviction fees,
CTF.t,COLLATERAL_CONSEQUENCES,Court Fees,Types of court fees that may be imposed (list may not be exhaustive):,"Administrative fees, including copying and filing fees",
CTF.t,COLLATERAL_CONSEQUENCES,Court Fees,Types of court fees that may be imposed (list may not be exhaustive):,Program fees to support offense stopper and safe neighborhood programs,
CTF.t,COLLATERAL_CONSEQUENCES,Court Fees,Types of court fees that may be imposed (list may not be exhaustive):,"Offense-specific fees (e.g., fees related to DUI, domestic violence, or drug-related offenses)",
CTF.t,COLLATERAL_CONSEQUENCES,Court Fees,Types of court fees that may be imposed (list may not be exhaustive):,DNA testing fees,
CTF.t,COLLATERAL_CONSEQUENCES,Court Fees,Types of court fees that may be imposed (list may not be exhaustive):,General lab fees,
CTF.t,COLLATERAL_CONSEQUENCES,Court Fees,Types of court fees that may be imposed (list may not be exhaustive):,Booking fees,
CTF.r,COLLATERAL_CONSEQUENCES,Court Fees,Court fees are allocated to the following recipients (see statutes for additional details on allocation):,Information not located in statutes,
CTF.c,COLLATERAL_CONSEQUENCES,Court Fees,Penalties that may be imposed for failing to pay court fees:,A hearing is held to determine the individual's ability to pay and reasons for failing to pay,"Pennsylvania Administrative Code. Rule 706. Fines or Costs. [234 Pa. Code § 706](http://www.pacode.com/secure/data/234/chapter7/s706.html). Archived [here](https://perma.cc/T7Q5-S8AX).
Pennsylvania Administrative Code. Rule 470. Procedures Related to License Suspension After Failure to Respond to Citation or Summons or Failure to Pay Fine and Costs. [234 Pa. Code § 470](http://www.pacode.com/secure/data/234/chapter4/s470.html). Archived [here](https://perma.cc/FUS9-ECCG).
Pennsylvania Consolidated Statutes. 4134. Commitment for failure to pay fine. [42 Pa. Cons. Stat. § 4134 (2012)](https://law.justia.com/codes/pennsylvania/2012/title-42/chapter-41/section-4134/). Archived [here](https://perma.cc/7FSF-ATQ4)."
CTF.c,COLLATERAL_CONSEQUENCES,Court Fees,Penalties that may be imposed for failing to pay court fees:,The payment schedule may be restructured,"Pennsylvania Administrative Code. Rule 706. Fines or Costs. [234 Pa. Code § 706](http://www.pacode.com/secure/data/234/chapter7/s706.html). Archived [here](https://perma.cc/T7Q5-S8AX).
Pennsylvania Administrative Code. Rule 470. Procedures Related to License Suspension After Failure to Respond to Citation or Summons or Failure to Pay Fine and Costs. [234 Pa. Code § 470](http://www.pacode.com/secure/data/234/chapter4/s470.html). Archived [here](https://perma.cc/FUS9-ECCG).
Pennsylvania Consolidated Statutes. 4134. Commitment for failure to pay fine. [42 Pa. Cons. Stat. § 4134 (2012)](https://law.justia.com/codes/pennsylvania/2012/title-42/chapter-41/section-4134/). Archived [here](https://perma.cc/7FSF-ATQ4)."
CTF.c,COLLATERAL_CONSEQUENCES,Court Fees,Penalties that may be imposed for failing to pay court fees:,The total amount owed may be reduced or discharged entirely,"Pennsylvania Administrative Code. Rule 706. Fines or Costs. [234 Pa. Code § 706](http://www.pacode.com/secure/data/234/chapter7/s706.html). Archived [here](https://perma.cc/T7Q5-S8AX).
Pennsylvania Administrative Code. Rule 470. Procedures Related to License Suspension After Failure to Respond to Citation or Summons or Failure to Pay Fine and Costs. [234 Pa. Code § 470](http://www.pacode.com/secure/data/234/chapter4/s470.html). Archived [here](https://perma.cc/FUS9-ECCG).
Pennsylvania Consolidated Statutes. 4134. Commitment for failure to pay fine. [42 Pa. Cons. Stat. § 4134 (2012)](https://law.justia.com/codes/pennsylvania/2012/title-42/chapter-41/section-4134/). Archived [here](https://perma.cc/7FSF-ATQ4)."
CTF.c,COLLATERAL_CONSEQUENCES,Court Fees,Penalties that may be imposed for failing to pay court fees:,Driver's license suspension or revocation,"Pennsylvania Administrative Code. Rule 706. Fines or Costs. [234 Pa. Code § 706](http://www.pacode.com/secure/data/234/chapter7/s706.html). Archived [here](https://perma.cc/T7Q5-S8AX).
Pennsylvania Administrative Code. Rule 470. Procedures Related to License Suspension After Failure to Respond to Citation or Summons or Failure to Pay Fine and Costs. [234 Pa. Code § 470](http://www.pacode.com/secure/data/234/chapter4/s470.html). Archived [here](https://perma.cc/FUS9-ECCG).
Pennsylvania Consolidated Statutes. 4134. Commitment for failure to pay fine. [42 Pa. Cons. Stat. § 4134 (2012)](https://law.justia.com/codes/pennsylvania/2012/title-42/chapter-41/section-4134/). Archived [here](https://perma.cc/7FSF-ATQ4)."
CTF.c,COLLATERAL_CONSEQUENCES,Court Fees,Penalties that may be imposed for failing to pay court fees:,"Incarceration, if the court determines that the individual has not made a good faith effort to pay","Pennsylvania Administrative Code. Rule 706. Fines or Costs. [234 Pa. Code § 706](http://www.pacode.com/secure/data/234/chapter7/s706.html). Archived [here](https://perma.cc/T7Q5-S8AX).
Pennsylvania Administrative Code. Rule 470. Procedures Related to License Suspension After Failure to Respond to Citation or Summons or Failure to Pay Fine and Costs. [234 Pa. Code § 470](http://www.pacode.com/secure/data/234/chapter4/s470.html). Archived [here](https://perma.cc/FUS9-ECCG).
Pennsylvania Consolidated Statutes. 4134. Commitment for failure to pay fine. [42 Pa. Cons. Stat. § 4134 (2012)](https://law.justia.com/codes/pennsylvania/2012/title-42/chapter-41/section-4134/). Archived [here](https://perma.cc/7FSF-ATQ4)."
CTF.c,COLLATERAL_CONSEQUENCES,Court Fees,Penalties that may be imposed for failing to pay court fees:,"Incarceration until the court fees are paid, and not exceeding 3 months if the individual is unable to pay","Pennsylvania Administrative Code. Rule 706. Fines or Costs. [234 Pa. Code § 706](http://www.pacode.com/secure/data/234/chapter7/s706.html). Archived [here](https://perma.cc/T7Q5-S8AX).
Pennsylvania Administrative Code. Rule 470. Procedures Related to License Suspension After Failure to Respond to Citation or Summons or Failure to Pay Fine and Costs. [234 Pa. Code § 470](http://www.pacode.com/secure/data/234/chapter4/s470.html). Archived [here](https://perma.cc/FUS9-ECCG).
Pennsylvania Consolidated Statutes. 4134. Commitment for failure to pay fine. [42 Pa. Cons. Stat. § 4134 (2012)](https://law.justia.com/codes/pennsylvania/2012/title-42/chapter-41/section-4134/). Archived [here](https://perma.cc/7FSF-ATQ4)."
CTF.c,COLLATERAL_CONSEQUENCES,Court Fees,Penalties that may be imposed for failing to pay court fees:,Revocation of probation,"Pennsylvania Administrative Code. Rule 706. Fines or Costs. [234 Pa. Code § 706](http://www.pacode.com/secure/data/234/chapter7/s706.html). Archived [here](https://perma.cc/T7Q5-S8AX).
Pennsylvania Administrative Code. Rule 470. Procedures Related to License Suspension After Failure to Respond to Citation or Summons or Failure to Pay Fine and Costs. [234 Pa. Code § 470](http://www.pacode.com/secure/data/234/chapter4/s470.html). Archived [here](https://perma.cc/FUS9-ECCG).
Pennsylvania Consolidated Statutes. 4134. Commitment for failure to pay fine. [42 Pa. Cons. Stat. § 4134 (2012)](https://law.justia.com/codes/pennsylvania/2012/title-42/chapter-41/section-4134/). Archived [here](https://perma.cc/7FSF-ATQ4)."
ACG.a,MISC,Age & Charging,Minimum age at which an individual can be prosecuted as an adult:,14,Pennsylvania Consolidated Statutes. 6355. Transfer to Criminal Proceedings. [42 Pa. Cons. Stat. § 6355(a)(1) (2012)](https://law.justia.com/codes/pennsylvania/2012/title-42/chapter-63/section-6355/). Archived [here](https://perma.cc/FF6S-KDWU).
ACG.j,MISC,Age & Charging,Age at which an individual can no longer be considered a juvenile:,18,Pennsylvania Consolidated Statutes. 6302. Definitions. [42 Pa. Cons. Stat. § 6302 (2012)](https://law.justia.com/codes/pennsylvania/2012/title-42/chapter-63/section-6302/). Archived [here](https://perma.cc/Z2YW-ZPU8).